Timestamp,Original_Image,Heatmap_Image,Prediction,Confidence
20250810_170935,20250810_170935_orig_0c09c121-e945-4b7e-acbf-dff4e0d01acb___GCREC_Bact.Sp_3379.JPG,20250810_170935_heat_0c09c121-e945-4b7e-acbf-dff4e0d01acb___GCREC_Bact.Sp_3379.JPG,Tomato_Bacterial_spot,99.22
20250810_175213,20250810_175213_orig_Potato___Late_blight.JPG,20250810_175213_heat_Potato___Late_blight.JPG,Potato___Late_blight,99.96
20250812_011438,20250812_011438_orig_Potato___Late_blight.JPG,20250812_011438_heat_Potato___Late_blight.JPG,Potato___Late_blight,99.96
20250812_011559,20250812_011559_orig_Pepper__bell___Bacterial_spot.JPG,20250812_011559_heat_Pepper__bell___Bacterial_spot.JPG,Pepper__bell___Bacterial_spot,99.8
20250910_022023,20250910_022023_orig_Potato___Late_blight.JPG,20250910_022023_heat_Potato___Late_blight.JPG,Potato___Late_blight,99.96
20260320_020131,20260320_020131_orig_Patato_late_blight.JPG,20260320_020131_heat_Patato_late_blight.JPG,Potato___Late_blight,100.0
20260320_020457,20260320_020457_orig_images.jpg,20260320_020457_heat_images.jpg,Tomato_Early_blight,59.54
20260320_020700,20260320_020700_orig_Alternaria_Leaf_resized.jpg,20260320_020700_heat_Alternaria_Leaf_resized.jpg,Potato___Early_blight,84.81
20260320_020715,20260320_020715_orig_images_1.jpg,20260320_020715_heat_images_1.jpg,Tomato_Late_blight,53.76
